<?xml version="1.0" encoding="UTF-8"?>
<ti:module xmlns:ti="http://ti.appcelerator.org" xmlns:android="http://schemas.android.com/apk/res/android">
	<!--
		Similar to tiapp.xml, but contains module/platform specific
		configuration in <iphone>, <android>, and <mobileweb> sections
	-->
	<iphone>
	</iphone>
	<android xmlns:android="http://schemas.android.com/apk/res/android">
        <uses-permission tools:node="replace" android:maxSdkVersion="22" android:name="android.permission.WRITE_SETTINGS" ></uses-permission>
        <uses-permission tools:node="replace" android:maxSdkVersion="22" android:name="android.permission.CHANGE_CONFIGURATION" ></uses-permission>
        <uses-permission tools:node="replace" android:maxSdkVersion="22" android:name="android.permission.MODIFY_AUDIO_SETTINGS" ></uses-permission>
	</android>
	<mobileweb>
	</mobileweb>
</ti:module>
